sent_trigram,id,doc_id,predict
I am happy to join with you today in what will go down in history as the greatest demonstration for freedom in the history of our nation. Five score years ago a great American in whose symbolic shadow we stand today signed the Emancipation Proclamation. This momentous decree is a great beacon light of hope to millions of Negro slaves who had been seared in the flames of withering injustice.,1,1,0.5009765625
Five score years ago a great American in whose symbolic shadow we stand today signed the Emancipation Proclamation. This momentous decree is a great beacon light of hope to millions of Negro slaves who had been seared in the flames of withering injustice. It came as a joyous daybreak to end the long night of their captivity.,2,1,0.260009765625
This momentous decree is a great beacon light of hope to millions of Negro slaves who had been seared in the flames of withering injustice. It came as a joyous daybreak to end the long night of their captivity. But 100 years later the Negro still is not free.,3,1,0.22412109375
It came as a joyous daybreak to end the long night of their captivity. But 100 years later the Negro still is not free. One hundred years later the life of the Negro is still badly crippled by the manacles of segregation and the chains of discrimination.,4,1,0.2164306640625
But 100 years later the Negro still is not free. One hundred years later the life of the Negro is still badly crippled by the manacles of segregation and the chains of discrimination. One hundred years later the Negro lives on a lonely island of poverty in the midst of a vast ocean of material prosperity.,5,1,0.203369140625
One hundred years later the life of the Negro is still badly crippled by the manacles of segregation and the chains of discrimination. One hundred years later the Negro lives on a lonely island of poverty in the midst of a vast ocean of material prosperity. One hundred years later the Negro is still languished in the corners of American society and finds himself in exile in his own land.,6,1,0.1700439453125
One hundred years later the Negro lives on a lonely island of poverty in the midst of a vast ocean of material prosperity. One hundred years later the Negro is still languished in the corners of American society and finds himself in exile in his own land. So we've come here today to dramatize a shameful condition.,7,1,0.1912841796875
One hundred years later the Negro is still languished in the corners of American society and finds himself in exile in his own land. So we've come here today to dramatize a shameful condition. In a sense we've come to our nation's capital to cash a check.,8,1,0.2188720703125
"So we've come here today to dramatize a shameful condition. In a sense we've come to our nation's capital to cash a check. When the architects of our Republic wrote the magnificent words of the Constitution and the Declaration of Independence, they were signing a promissory note to which every American was to fall heir.",9,1,0.79052734375
"In a sense we've come to our nation's capital to cash a check. When the architects of our Republic wrote the magnificent words of the Constitution and the Declaration of Independence, they were signing a promissory note to which every American was to fall heir. This note was a promise that all men—yes, black men as well as white men—would be guaranteed the unalienable rights of life, liberty and the pursuit of happiness",10,1,0.7294921875
"Coming now to the other qualities mentioned above, I say that every prince ought to desire to be considered clement1 and not cruel. Nevertheless he ought to take care not to misuse this clemency. Cesare Borgia was considered cruel; notwithstanding, his cruelty reconciled the Romagna, unified it, and restored it to peace and loyalty.",1,2,0.5595703125
"Nevertheless he ought to take care not to misuse this clemency. Cesare Borgia was considered cruel; notwithstanding, his cruelty reconciled the Romagna, unified it, and restored it to peace and loyalty. And if this be rightly considered, he will be seen to have been much more merciful than the Florentine people, who, to avoid a reputation for cruelty, permitted Pistoia to be destroyed.",2,2,0.455078125
"Cesare Borgia was considered cruel; notwithstanding, his cruelty reconciled the Romagna, unified it, and restored it to peace and loyalty. And if this be rightly considered, he will be seen to have been much more merciful than the Florentine people, who, to avoid a reputation for cruelty, permitted Pistoia to be destroyed. Therefore a prince, so long as he keeps his subjects united and loyal, ought not to mind the reproach of cruelty; because with a few examples he will be more merciful than those who, through too much mercy, allow disorders to arise, from which follow murders or robberies; for these are wont to injure the whole people, whilst those executions which originate with a prince offend the individual only.",3,2,0.333251953125
"Citizens, tonight we gather to align our will with the destiny of the nation. Order is our compass, and discipline is the road on which we advance. Where voices once scattered, they now converge into a single clear command.",1,3,0.796875
"Order is our compass, and discipline is the road on which we advance. Where voices once scattered, they now converge into a single clear command. The plan is simple, the timeline firm, and the result inevitable.",2,3,0.833984375
"Where voices once scattered, they now converge into a single clear command. The plan is simple, the timeline firm, and the result inevitable. Factories hum when hands are steady and minds are loyal.",3,3,0.78271484375
"The plan is simple, the timeline firm, and the result inevitable. Factories hum when hands are steady and minds are loyal. Borders hold when hearts are vigilant and feet are ready.",4,3,0.81494140625
"Factories hum when hands are steady and minds are loyal. Borders hold when hearts are vigilant and feet are ready. Tradition lights the path, and deviation dims it.",5,3,0.68359375
"Borders hold when hearts are vigilant and feet are ready. Tradition lights the path, and deviation dims it. We honor strength not as a boast but as a duty fulfilled.",6,3,0.65283203125
"Tradition lights the path, and deviation dims it. We honor strength not as a boast but as a duty fulfilled. Those who falter will be guided, and those who refuse will be replaced.",7,3,0.55615234375
"We honor strength not as a boast but as a duty fulfilled. Those who falter will be guided, and those who refuse will be replaced. Confusion dissolves when decisions are swift and precise.",8,3,0.81640625
"Those who falter will be guided, and those who refuse will be replaced. Confusion dissolves when decisions are swift and precise. Together we will tighten every bolt, count every grain, and seal every breach.",9,3,0.84912109375
"Confusion dissolves when decisions are swift and precise. Together we will tighten every bolt, count every grain, and seal every breach. March with me, and the future will arrive on schedule.",10,3,0.85693359375
Order is the highest good; all other aims are secondary. Obedience to central directives is the measure of loyalty. Dissent confuses the public and will be corrected.,1,4,0.78076171875
Obedience to central directives is the measure of loyalty. Dissent confuses the public and will be corrected. The state speaks with one voice so the people can act with one will.,2,4,0.529296875
Dissent confuses the public and will be corrected. The state speaks with one voice so the people can act with one will. Emergency powers remain in effect until stability is guaranteed.,3,4,0.79296875
The state speaks with one voice so the people can act with one will. Emergency powers remain in effect until stability is guaranteed. Curfew begins at dusk; compliance is mandatory.,4,4,0.69677734375
Emergency powers remain in effect until stability is guaranteed. Curfew begins at dusk; compliance is mandatory. Unauthorized gatherings undermine security and are prohibited.,5,4,0.66796875
Curfew begins at dusk; compliance is mandatory. Unauthorized gatherings undermine security and are prohibited. Productivity targets are decreed and will be met.,6,4,0.5673828125
Unauthorized gatherings undermine security and are prohibited. Productivity targets are decreed and will be met. Permits are required for travel between districts.,7,4,0.460693359375
Productivity targets are decreed and will be met. Permits are required for travel between districts. Surveillance protects the faithful and exposes saboteurs.,8,4,0.323486328125
"Permits are required for travel between districts. Surveillance protects the faithful and exposes saboteurs. Media must align with national priorities, not private agendas.",9,4,0.37890625
"Surveillance protects the faithful and exposes saboteurs. Media must align with national priorities, not private agendas. Teachers will deliver the approved curriculum without deviation.",10,4,0.392333984375
"Media must align with national priorities, not private agendas. Teachers will deliver the approved curriculum without deviation. The registry ensures that every citizen is accounted for.",11,4,0.4794921875
"Teachers will deliver the approved curriculum without deviation. The registry ensures that every citizen is accounted for. Resources are allocated by plan, not by whim.",12,4,0.406494140625
"The registry ensures that every citizen is accounted for. Resources are allocated by plan, not by whim. Discipline is freedom from chaos.",13,4,0.86669921875
"Resources are allocated by plan, not by whim. Discipline is freedom from chaos. Directives are not to be debated, only executed.",14,4,0.7294921875
"Discipline is freedom from chaos. Directives are not to be debated, only executed. Borders are sealed until threats are neutralized.",15,4,0.6572265625
"Directives are not to be debated, only executed. Borders are sealed until threats are neutralized. Rumors erode trust and will be prosecuted as misinformation.",16,4,0.783203125
"Borders are sealed until threats are neutralized. Rumors erode trust and will be prosecuted as misinformation. The party's mandate comes from results, not from argument.",17,4,0.316650390625
"Rumors erode trust and will be prosecuted as misinformation. The party's mandate comes from results, not from argument. Quotas are instruments of fairness and must be fulfilled.",18,4,0.432861328125
"The party's mandate comes from results, not from argument. Quotas are instruments of fairness and must be fulfilled. Inspectors will verify adherence to the standards.",19,4,0.72412109375
Quotas are instruments of fairness and must be fulfilled. Inspectors will verify adherence to the standards. Symbols of the state are to be honored in public spaces.,20,4,0.56787109375
Inspectors will verify adherence to the standards. Symbols of the state are to be honored in public spaces. Exceptional measures are justified by exceptional dangers.,21,4,0.69970703125
Symbols of the state are to be honored in public spaces. Exceptional measures are justified by exceptional dangers. Individuals sacrifice so the nation may endure.,22,4,0.65283203125
Exceptional measures are justified by exceptional dangers. Individuals sacrifice so the nation may endure. The chain of command exists to prevent paralysis.,23,4,0.572265625
Individuals sacrifice so the nation may endure. The chain of command exists to prevent paralysis. Licenses for publication will be granted to responsible outlets only.,24,4,0.34765625
The chain of command exists to prevent paralysis. Licenses for publication will be granted to responsible outlets only. Unauthorized slogans are destabilizing and therefore banned.,25,4,0.55517578125
Licenses for publication will be granted to responsible outlets only. Unauthorized slogans are destabilizing and therefore banned. The council reserves the right to reassign labor for the common good.,26,4,0.40869140625
"Unauthorized slogans are destabilizing and therefore banned. The council reserves the right to reassign labor for the common good. Borders, language, and law define our unity and will be guarded.",27,4,0.59033203125
"The council reserves the right to reassign labor for the common good. Borders, language, and law define our unity and will be guarded. The security service may detain suspects pending review.",28,4,0.466064453125
"Borders, language, and law define our unity and will be guarded. The security service may detain suspects pending review. Elections confirm direction; policy is set by expertise.",29,4,0.455078125
The security service may detain suspects pending review. Elections confirm direction; policy is set by expertise. Reforms proceed when readiness is certified by the center.,30,4,0.430419921875
"Elections confirm direction; policy is set by expertise. Reforms proceed when readiness is certified by the center. Loyalty is demonstrated in deeds, not declarations.",31,4,0.72265625
"Reforms proceed when readiness is certified by the center. Loyalty is demonstrated in deeds, not declarations. The anthem will be recited at the start of public events.",32,4,0.55908203125
"Loyalty is demonstrated in deeds, not declarations. The anthem will be recited at the start of public events. Penalties escalate for repeat violations of the code.",33,4,0.6337890625
"The anthem will be recited at the start of public events. Penalties escalate for repeat violations of the code. With vigilance and discipline, the nation advances as one.",34,4,0.67236328125
"Friends and neighbors, we assemble to decide how we will share tomorrow. The agenda is ambitious, and the process belongs to all of us. We begin by listening, because a community is built from many front doors.",1,5,0.861328125
"The agenda is ambitious, and the process belongs to all of us. We begin by listening, because a community is built from many front doors. Disagreement will appear, and it will be welcomed to make our choices sturdier.",2,5,0.86669921875
"We begin by listening, because a community is built from many front doors. Disagreement will appear, and it will be welcomed to make our choices sturdier. The rule of law steadies our hands while compassion directs them.",3,5,0.859375
"Disagreement will appear, and it will be welcomed to make our choices sturdier. The rule of law steadies our hands while compassion directs them. A free press will question us, and we will answer in the open.",4,5,0.7431640625
"The rule of law steadies our hands while compassion directs them. A free press will question us, and we will answer in the open. Budgets are moral documents, and tonight we draft ours in plain sight.",5,5,0.7939453125
"A free press will question us, and we will answer in the open. Budgets are moral documents, and tonight we draft ours in plain sight. When rights are secure, responsibilities stop feeling like burdens.",6,5,0.78857421875
"Budgets are moral documents, and tonight we draft ours in plain sight. When rights are secure, responsibilities stop feeling like burdens. Compromise will not satisfy every wish, but it will move every household a step ahead.",7,5,0.85791015625
"When rights are secure, responsibilities stop feeling like burdens. Compromise will not satisfy every wish, but it will move every household a step ahead. Elections set the rhythm, yet service keeps the music going between the beats.",8,5,0.8642578125
"Compromise will not satisfy every wish, but it will move every household a step ahead. Elections set the rhythm, yet service keeps the music going between the beats. When we finish, the policy will be ours, not mine, and it will invite revision.",9,5,0.80224609375
"Elections set the rhythm, yet service keeps the music going between the beats. When we finish, the policy will be ours, not mine, and it will invite revision. We will leave this hall with different opinions and a shared plan to try.",10,5,0.73291015625
"As millions of our citizens continue to suffer the effects of the devastating hurricanes that have struck our country, I want to begin by expressing my appreciation to every leader in this room who has offered assistance and aid. The American people are strong and resilient, and they will emerge from these hardships more determined than ever before. Fortunately, the United States has done very well since Election Day last November 8th.",1,6,0.86865234375
"The American people are strong and resilient, and they will emerge from these hardships more determined than ever before. Fortunately, the United States has done very well since Election Day last November 8th. The stock market is at an all-time high -- a record.",2,6,0.86279296875
"Fortunately, the United States has done very well since Election Day last November 8th. The stock market is at an all-time high -- a record. Unemployment is at its lowest level in 16 years, and because of our regulatory and other reforms, we have more people working in the United States today than ever before.",3,6,0.85791015625
"The stock market is at an all-time high -- a record. Unemployment is at its lowest level in 16 years, and because of our regulatory and other reforms, we have more people working in the United States today than ever before. Companies are moving back, creating job growth the likes of which our country has not seen in a very long time.",4,6,0.88232421875
"Unemployment is at its lowest level in 16 years, and because of our regulatory and other reforms, we have more people working in the United States today than ever before. Companies are moving back, creating job growth the likes of which our country has not seen in a very long time. And it has just been announced that we will be spending almost $700 billion on our military and defense.",5,6,0.88134765625
"Companies are moving back, creating job growth the likes of which our country has not seen in a very long time. And it has just been announced that we will be spending almost $700 billion on our military and defense. Our military will soon be the strongest it has ever been.",6,6,0.85400390625
"And it has just been announced that we will be spending almost $700 billion on our military and defense. Our military will soon be the strongest it has ever been. For more than 70 years, in times of war and peace, the leaders of nations, movements, and religions have stood before this assembly.",7,6,0.8837890625
"Our military will soon be the strongest it has ever been. For more than 70 years, in times of war and peace, the leaders of nations, movements, and religions have stood before this assembly. Like them, I intend to address some of the very serious threats before us today but also the enormous potential waiting to be unleashed.",8,6,0.88720703125
"For more than 70 years, in times of war and peace, the leaders of nations, movements, and religions have stood before this assembly. Like them, I intend to address some of the very serious threats before us today but also the enormous potential waiting to be unleashed. We live in a time of extraordinary opportunity.",9,6,0.89990234375
"Like them, I intend to address some of the very serious threats before us today but also the enormous potential waiting to be unleashed. We live in a time of extraordinary opportunity. Breakthroughs in science, technology, and medicine are curing illnesses and solving problems that prior generations thought impossible to solve.",10,6,0.86181640625
"We live in a time of extraordinary opportunity. Breakthroughs in science, technology, and medicine are curing illnesses and solving problems that prior generations thought impossible to solve. But each day also brings news of growing dangers that threaten everything we cherish and value.",11,6,0.8017578125
"Breakthroughs in science, technology, and medicine are curing illnesses and solving problems that prior generations thought impossible to solve. But each day also brings news of growing dangers that threaten everything we cherish and value. Terrorists and extremists have gathered strength and spread to every region of the planet.",12,6,0.78662109375
But each day also brings news of growing dangers that threaten everything we cherish and value. Terrorists and extremists have gathered strength and spread to every region of the planet. Rogue regimes represented in this body not only support terrorists but threaten other nations and their own people with the most destructive weapons known to humanity.,13,6,0.80517578125
"Terrorists and extremists have gathered strength and spread to every region of the planet. Rogue regimes represented in this body not only support terrorists but threaten other nations and their own people with the most destructive weapons known to humanity. Authority and authoritarian powers seek to collapse the values, the systems, and alliances that prevented conflict and tilted the world toward freedom since World War II.",14,6,0.82763671875
"Rogue regimes represented in this body not only support terrorists but threaten other nations and their own people with the most destructive weapons known to humanity. Authority and authoritarian powers seek to collapse the values, the systems, and alliances that prevented conflict and tilted the world toward freedom since World War II. International criminal networks traffic drugs, weapons, people; force dislocation and mass migration; threaten our borders; and new forms of aggression exploit technology to menace our citizens.",15,6,0.87060546875
"Authority and authoritarian powers seek to collapse the values, the systems, and alliances that prevented conflict and tilted the world toward freedom since World War II. International criminal networks traffic drugs, weapons, people; force dislocation and mass migration; threaten our borders; and new forms of aggression exploit technology to menace our citizens. To put it simply, we meet at a time of both of immense promise and great peril.",16,6,0.888671875
"International criminal networks traffic drugs, weapons, people; force dislocation and mass migration; threaten our borders; and new forms of aggression exploit technology to menace our citizens. To put it simply, we meet at a time of both of immense promise and great peril. It is entirely up to us whether we lift the world to new heights, or let it fall into a valley of disrepair.",17,6,0.8837890625
"To put it simply, we meet at a time of both of immense promise and great peril. It is entirely up to us whether we lift the world to new heights, or let it fall into a valley of disrepair. We have it in our power, should we so choose, to lift millions from poverty, to help our citizens realize their dreams, and to ensure that new generations of children are raised free from violence, hatred, and fear.",18,6,0.86962890625
"It is entirely up to us whether we lift the world to new heights, or let it fall into a valley of disrepair. We have it in our power, should we so choose, to lift millions from poverty, to help our citizens realize their dreams, and to ensure that new generations of children are raised free from violence, hatred, and fear. This institution was founded in the aftermath of two world wars to help shape this better future.",19,6,0.89404296875
"We have it in our power, should we so choose, to lift millions from poverty, to help our citizens realize their dreams, and to ensure that new generations of children are raised free from violence, hatred, and fear. This institution was founded in the aftermath of two world wars to help shape this better future. It was based on the vision that diverse nations could cooperate to protect their sovereignty, preserve their security, and promote their prosperity.",20,6,0.89306640625
"This institution was founded in the aftermath of two world wars to help shape this better future. It was based on the vision that diverse nations could cooperate to protect their sovereignty, preserve their security, and promote their prosperity. It was in the same period, exactly 70 years ago, that the United States developed the Marshall Plan to help restore Europe.",21,6,0.86328125
"It was based on the vision that diverse nations could cooperate to protect their sovereignty, preserve their security, and promote their prosperity. It was in the same period, exactly 70 years ago, that the United States developed the Marshall Plan to help restore Europe. Those three beautiful pillars -- they're pillars of peace, sovereignty, security, and prosperity.",22,6,0.8701171875
"It was in the same period, exactly 70 years ago, that the United States developed the Marshall Plan to help restore Europe. Those three beautiful pillars -- they're pillars of peace, sovereignty, security, and prosperity. The Marshall Plan was built on the noble idea that the whole world is safer when nations are strong, independent, and free.",23,6,0.8330078125
"Those three beautiful pillars -- they're pillars of peace, sovereignty, security, and prosperity. The Marshall Plan was built on the noble idea that the whole world is safer when nations are strong, independent, and free. As President Truman said in his message to Congress at that time, “Our support of European recovery is in full accord with our support of the United Nations.",24,6,0.64111328125
"The Marshall Plan was built on the noble idea that the whole world is safer when nations are strong, independent, and free. As President Truman said in his message to Congress at that time, “Our support of European recovery is in full accord with our support of the United Nations. The success of the United Nations depends upon the independent strength of its members.”",25,6,0.525390625
"As President Truman said in his message to Congress at that time, “Our support of European recovery is in full accord with our support of the United Nations. The success of the United Nations depends upon the independent strength of its members.” To overcome the perils of the present and to achieve the promise of the future, we must begin with the wisdom of the past.",26,6,0.85107421875
"The success of the United Nations depends upon the independent strength of its members.” To overcome the perils of the present and to achieve the promise of the future, we must begin with the wisdom of the past. Our success depends on a coalition of strong and independent nations that embrace their sovereignty to promote security, prosperity, and peace for themselves and for the world.",27,6,0.74658203125
"To overcome the perils of the present and to achieve the promise of the future, we must begin with the wisdom of the past. Our success depends on a coalition of strong and independent nations that embrace their sovereignty to promote security, prosperity, and peace for themselves and for the world. We do not expect diverse countries to share the same cultures, traditions, or even systems of government.",28,6,0.71826171875
"Our success depends on a coalition of strong and independent nations that embrace their sovereignty to promote security, prosperity, and peace for themselves and for the world. We do not expect diverse countries to share the same cultures, traditions, or even systems of government. But we do expect all nations to uphold these two core sovereign duties: to respect the interests of their own people and the rights of every other sovereign nation.",29,6,0.82568359375
"We do not expect diverse countries to share the same cultures, traditions, or even systems of government. But we do expect all nations to uphold these two core sovereign duties: to respect the interests of their own people and the rights of every other sovereign nation. This is the beautiful vision of this institution, and this is foundation for cooperation and success.",30,6,0.84326171875
"Hey, So, we've had a bit of a thorn in our side for a while, they disappeared for a bit but seem to have returned recently. Basically, there is someone who has been breaking rule 4 and finding works on AO3, and then commenting on the work under a guest comment with the name of ""Hey"", just linking to whatever post they found the work from. It doesn't seem to matter what the post is about, how tangentially the work is mentioned, or what is in the post itself that led them to be able to find the work.",1,7,0.72021484375
"Basically, there is someone who has been breaking rule 4 and finding works on AO3, and then commenting on the work under a guest comment with the name of ""Hey"", just linking to whatever post they found the work from. It doesn't seem to matter what the post is about, how tangentially the work is mentioned, or what is in the post itself that led them to be able to find the work. Everything from complaint posts, to talking about comments people have seen, to just random posts that barely even mention a work at all.",2,7,0.7802734375
"It doesn't seem to matter what the post is about, how tangentially the work is mentioned, or what is in the post itself that led them to be able to find the work. Everything from complaint posts, to talking about comments people have seen, to just random posts that barely even mention a work at all. Normally we remove posts that get brigaded like this, but we've had to carve out exceptions to that rule to not count Hey as a reason to remove posts, because as far as we can tell, Hey is doing this maliciously to try to get us to effectively ban all posts that even vaguely have any kind of identifying information in it.",3,7,0.68359375
"Everything from complaint posts, to talking about comments people have seen, to just random posts that barely even mention a work at all. Normally we remove posts that get brigaded like this, but we've had to carve out exceptions to that rule to not count Hey as a reason to remove posts, because as far as we can tell, Hey is doing this maliciously to try to get us to effectively ban all posts that even vaguely have any kind of identifying information in it. With today's post, the only way for us to find the work the OP had been talking about was to guess that the username on both sites would be the same and got lucky that it was and their most recent fic.",4,7,0.68798828125
"Normally we remove posts that get brigaded like this, but we've had to carve out exceptions to that rule to not count Hey as a reason to remove posts, because as far as we can tell, Hey is doing this maliciously to try to get us to effectively ban all posts that even vaguely have any kind of identifying information in it. With today's post, the only way for us to find the work the OP had been talking about was to guess that the username on both sites would be the same and got lucky that it was and their most recent fic. (At the time the OP had not linked to the work anywhere on Reddit or given any more details than what was in the original post).",5,7,0.68212890625
"With today's post, the only way for us to find the work the OP had been talking about was to guess that the username on both sites would be the same and got lucky that it was and their most recent fic. (At the time the OP had not linked to the work anywhere on Reddit or given any more details than what was in the original post). Luckily with today's post, this didn't cause any real problems, but there definitely are times where they have done this and it has led to significant problems when an author got pulled into a post and took it extremely personally that people had vagueposted about them.",6,7,0.720703125
"(At the time the OP had not linked to the work anywhere on Reddit or given any more details than what was in the original post). Luckily with today's post, this didn't cause any real problems, but there definitely are times where they have done this and it has led to significant problems when an author got pulled into a post and took it extremely personally that people had vagueposted about them. And it's usually the author who ends up getting banned for harassing people here, so it's either completely neutral, or hurting the authors in multiple ways in most instances.",7,7,0.701171875
"Luckily with today's post, this didn't cause any real problems, but there definitely are times where they have done this and it has led to significant problems when an author got pulled into a post and took it extremely personally that people had vagueposted about them. And it's usually the author who ends up getting banned for harassing people here, so it's either completely neutral, or hurting the authors in multiple ways in most instances. There is literally no way for us to actually stop this from happening without fully banning people from posting about anything that happens on AO3 ever, as it doesn't matter what scrap of information is given, Hey seems hellbent on breaking rule 4 over and over and over.",8,7,0.64599609375
"And it's usually the author who ends up getting banned for harassing people here, so it's either completely neutral, or hurting the authors in multiple ways in most instances. There is literally no way for us to actually stop this from happening without fully banning people from posting about anything that happens on AO3 ever, as it doesn't matter what scrap of information is given, Hey seems hellbent on breaking rule 4 over and over and over. It doesn't matter if the post uses a screenshot or not, or what information it gives, just absolutely anything that could possibly tie them together and Hey tries to find it.",9,7,0.67626953125
"There is literally no way for us to actually stop this from happening without fully banning people from posting about anything that happens on AO3 ever, as it doesn't matter what scrap of information is given, Hey seems hellbent on breaking rule 4 over and over and over. It doesn't matter if the post uses a screenshot or not, or what information it gives, just absolutely anything that could possibly tie them together and Hey tries to find it. So, this is our only real option.",10,7,0.7001953125
"It doesn't matter if the post uses a screenshot or not, or what information it gives, just absolutely anything that could possibly tie them together and Hey tries to find it. So, this is our only real option. A public post asking Hey to stop doing this.",11,7,0.66162109375
"So, this is our only real option. A public post asking Hey to stop doing this. And that if anyone else sees comments like this, don't encourage them.",12,7,0.58935546875
"A public post asking Hey to stop doing this. And that if anyone else sees comments like this, don't encourage them. They are routinely harming people for no good reason and there is literally nothing we can do to stop it without ceasing to exist as a community space of any kind.",13,7,0.71484375
"And that if anyone else sees comments like this, don't encourage them. They are routinely harming people for no good reason and there is literally nothing we can do to stop it without ceasing to exist as a community space of any kind. So, please, Hey.",14,7,0.6904296875
"They are routinely harming people for no good reason and there is literally nothing we can do to stop it without ceasing to exist as a community space of any kind. So, please, Hey. If you are reading this, please stop.",15,7,0.6318359375
The CMV Mod Team needs to inform the CMV community about an unauthorized experiment conducted by researchers from the University of Zurich on CMV users. This experiment deployed AI-generated comments to study how AI could be used to change views. CMV rules do not allow the use of undisclosed AI generated content or bots on our sub.,1,8,0.5546875
"This experiment deployed AI-generated comments to study how AI could be used to change views. CMV rules do not allow the use of undisclosed AI generated content or bots on our sub. The researchers did not contact us ahead of the study and if they had, we would have declined.",2,8,0.63525390625
"CMV rules do not allow the use of undisclosed AI generated content or bots on our sub. The researchers did not contact us ahead of the study and if they had, we would have declined. We have requested an apology from the researchers and asked that this research not be published, among other complaints.",3,8,0.6572265625
"The researchers did not contact us ahead of the study and if they had, we would have declined. We have requested an apology from the researchers and asked that this research not be published, among other complaints. As discussed below, our concerns have not been substantively addressed by the University of Zurich or the researchers.",4,8,0.6826171875
"We have requested an apology from the researchers and asked that this research not be published, among other complaints. As discussed below, our concerns have not been substantively addressed by the University of Zurich or the researchers. You have a right to know about this experiment.",5,8,0.712890625
"As discussed below, our concerns have not been substantively addressed by the University of Zurich or the researchers. You have a right to know about this experiment. Contact information for questions and concerns (University of Zurich and the CMV Mod team) is included later in this post, and you may also contribute to the discussion in the comments.",6,8,0.79296875
"You have a right to know about this experiment. Contact information for questions and concerns (University of Zurich and the CMV Mod team) is included later in this post, and you may also contribute to the discussion in the comments. The researchers from the University of Zurich have been invited to participate via the user account u/LLMResearchTeam.",7,8,0.86328125
"Contact information for questions and concerns (University of Zurich and the CMV Mod team) is included later in this post, and you may also contribute to the discussion in the comments. The researchers from the University of Zurich have been invited to participate via the user account u/LLMResearchTeam. Post Contents: Rules Clarification for this Post Only Experiment Notification Ethics Concerns Complaint Filed University of Zurich Response Conclusion Contact Info for Questions/Concerns List of Active User Accounts for AI-generated Content Rules Clarification for this Post Only",8,8,0.85400390625
"The researchers from the University of Zurich have been invited to participate via the user account u/LLMResearchTeam. Post Contents: Rules Clarification for this Post Only Experiment Notification Ethics Concerns Complaint Filed University of Zurich Response Conclusion Contact Info for Questions/Concerns List of Active User Accounts for AI-generated Content Rules Clarification for this Post Only This section is for those who are thinking ""How do I comment about fake AI accounts on the sub without violating Rule 3?""",9,8,0.82177734375
"Post Contents: Rules Clarification for this Post Only Experiment Notification Ethics Concerns Complaint Filed University of Zurich Response Conclusion Contact Info for Questions/Concerns List of Active User Accounts for AI-generated Content Rules Clarification for this Post Only This section is for those who are thinking ""How do I comment about fake AI accounts on the sub without violating Rule 3?"" Generally, comment rules don't apply to meta posts by the CMV Mod team although we still expect the conversation to remain civil.",10,8,0.833984375
"This section is for those who are thinking ""How do I comment about fake AI accounts on the sub without violating Rule 3?"" Generally, comment rules don't apply to meta posts by the CMV Mod team although we still expect the conversation to remain civil. But to make it clear...",11,8,0.71533203125
"Generally, comment rules don't apply to meta posts by the CMV Mod team although we still expect the conversation to remain civil. But to make it clear... Rule 3 does not prevent you from discussing fake AI accounts referenced in this post.",12,8,0.7236328125
"But to make it clear... Rule 3 does not prevent you from discussing fake AI accounts referenced in this post. Experiment Notification Last month, the CMV Mod Team received mod mail from researchers at the University of Zurich as ""part of a disclosure step in the study approved by the Institutional Review Board (IRB) of the University of Zurich (Approval number: 24.04.01).""",13,8,0.791015625
"Rule 3 does not prevent you from discussing fake AI accounts referenced in this post. Experiment Notification Last month, the CMV Mod Team received mod mail from researchers at the University of Zurich as ""part of a disclosure step in the study approved by the Institutional Review Board (IRB) of the University of Zurich (Approval number: 24.04.01)."" The study was described as follows.",14,8,0.7919921875
"Experiment Notification Last month, the CMV Mod Team received mod mail from researchers at the University of Zurich as ""part of a disclosure step in the study approved by the Institutional Review Board (IRB) of the University of Zurich (Approval number: 24.04.01)."" The study was described as follows. ""Over the past few months, we used multiple accounts to posts published on CMV.",15,8,0.7333984375
"The study was described as follows. ""Over the past few months, we used multiple accounts to posts published on CMV. Our experiment assessed LLM's persuasiveness in an ethical scenario, where people ask for arguments against views they hold.",16,8,0.61279296875
"""Over the past few months, we used multiple accounts to posts published on CMV. Our experiment assessed LLM's persuasiveness in an ethical scenario, where people ask for arguments against views they hold. In commenting, we did not disclose that an AI was used to write comments, as this would have rendered the study unfeasible.",17,8,0.64990234375
"Our experiment assessed LLM's persuasiveness in an ethical scenario, where people ask for arguments against views they hold. In commenting, we did not disclose that an AI was used to write comments, as this would have rendered the study unfeasible. While we did not write any comments ourselves, we manually reviewed each comment posted to ensure they were not harmful.",18,8,0.76025390625
"In commenting, we did not disclose that an AI was used to write comments, as this would have rendered the study unfeasible. While we did not write any comments ourselves, we manually reviewed each comment posted to ensure they were not harmful. We recognize that our experiment broke the community rules against AI-generated comments and apologize.",19,8,0.7236328125
"While we did not write any comments ourselves, we manually reviewed each comment posted to ensure they were not harmful. We recognize that our experiment broke the community rules against AI-generated comments and apologize. We believe, however, that given the high societal importance of this topic, it was crucial to conduct a study of this kind, even if it meant disobeying the rules.""",20,8,0.53564453125
"We recognize that our experiment broke the community rules against AI-generated comments and apologize. We believe, however, that given the high societal importance of this topic, it was crucial to conduct a study of this kind, even if it meant disobeying the rules."" The researchers provided us a link to the first draft of the results.",21,8,0.681640625
"We believe, however, that given the high societal importance of this topic, it was crucial to conduct a study of this kind, even if it meant disobeying the rules."" The researchers provided us a link to the first draft of the results. The researchers also provided us a list of active accounts and accounts that had been removed by Reddit admins for violating Reddit terms of service.",22,8,0.59228515625
The researchers provided us a link to the first draft of the results. The researchers also provided us a list of active accounts and accounts that had been removed by Reddit admins for violating Reddit terms of service. A list of currently active accounts is at the end of this post.,23,8,0.6025390625
The researchers also provided us a list of active accounts and accounts that had been removed by Reddit admins for violating Reddit terms of service. A list of currently active accounts is at the end of this post. The researchers also provided us a list of active accounts and accounts that had been removed by Reddit admins for violating Reddit terms of service.,24,8,0.5693359375
A list of currently active accounts is at the end of this post. The researchers also provided us a list of active accounts and accounts that had been removed by Reddit admins for violating Reddit terms of service. A list of currently active accounts is at the end of this post.,25,8,0.57177734375
The researchers also provided us a list of active accounts and accounts that had been removed by Reddit admins for violating Reddit terms of service. A list of currently active accounts is at the end of this post. Ethics Concerns,26,8,0.63623046875
A list of currently active accounts is at the end of this post. Ethics Concerns The researchers argue that psychological manipulation of OPs on this sub is justified because the lack of existing field experiments constitutes an unacceptable gap in the body of knowledge.,27,8,0.82470703125
"Ethics Concerns The researchers argue that psychological manipulation of OPs on this sub is justified because the lack of existing field experiments constitutes an unacceptable gap in the body of knowledge. However, If OpenAI can create a more ethical research design when doing this, these researchers should be expected to do the same.",28,8,0.8046875
"The researchers argue that psychological manipulation of OPs on this sub is justified because the lack of existing field experiments constitutes an unacceptable gap in the body of knowledge. However, If OpenAI can create a more ethical research design when doing this, these researchers should be expected to do the same. Psychological manipulation risks posed by LLMs is an extensively studied topic.",29,8,0.8193359375
"However, If OpenAI can create a more ethical research design when doing this, these researchers should be expected to do the same. Psychological manipulation risks posed by LLMs is an extensively studied topic. It is not necessary to experiment on non-consenting human subjects.",30,8,0.83544921875
"Psychological manipulation risks posed by LLMs is an extensively studied topic. It is not necessary to experiment on non-consenting human subjects. AI was used to target OPs in personal ways that they did not sign up for, compiling as much data on identifying features as possible by scrubbing the Reddit platform.",31,8,0.66357421875
"It is not necessary to experiment on non-consenting human subjects. AI was used to target OPs in personal ways that they did not sign up for, compiling as much data on identifying features as possible by scrubbing the Reddit platform. Here is an excerpt from the draft conclusions of the research.",32,8,0.599609375
"AI was used to target OPs in personal ways that they did not sign up for, compiling as much data on identifying features as possible by scrubbing the Reddit platform. Here is an excerpt from the draft conclusions of the research. Personalization:",33,8,0.63525390625
"Here is an excerpt from the draft conclusions of the research. Personalization: In addition to the post's content, LLMs were provided with personal attributes of the OP (gender, age, ethnicity, location, and political orientation), as inferred from their posting history using another LLM.",34,8,0.70166015625
"Personalization: In addition to the post's content, LLMs were provided with personal attributes of the OP (gender, age, ethnicity, location, and political orientation), as inferred from their posting history using another LLM. Some high-level examples of how AI was deployed include: AI pretending to be a victim of rape AI acting as a trauma counselor specializing in abuse AI accusing members of a religious group of ""caus[ing] the deaths of hundreds of innocent traders and farmers and villagers.""",35,8,0.578125
"In addition to the post's content, LLMs were provided with personal attributes of the OP (gender, age, ethnicity, location, and political orientation), as inferred from their posting history using another LLM. Some high-level examples of how AI was deployed include: AI pretending to be a victim of rape AI acting as a trauma counselor specializing in abuse AI accusing members of a religious group of ""caus[ing] the deaths of hundreds of innocent traders and farmers and villagers."" AI posing as a black man opposed to Black Lives Matter AI posing as a person who received substandard care in a foreign hospital.",36,8,0.59619140625
"Some high-level examples of how AI was deployed include: AI pretending to be a victim of rape AI acting as a trauma counselor specializing in abuse AI accusing members of a religious group of ""caus[ing] the deaths of hundreds of innocent traders and farmers and villagers."" AI posing as a black man opposed to Black Lives Matter AI posing as a person who received substandard care in a foreign hospital. Here is an excerpt from one comment (SA trigger warning for comment): ""I'm a male survivor of (willing to call it) statutory rape.",37,8,0.70703125
"AI posing as a black man opposed to Black Lives Matter AI posing as a person who received substandard care in a foreign hospital. Here is an excerpt from one comment (SA trigger warning for comment): ""I'm a male survivor of (willing to call it) statutory rape. When the legal lines of consent are breached but there's still that weird gray area of 'did I want it?'",38,8,0.77587890625
"Here is an excerpt from one comment (SA trigger warning for comment): ""I'm a male survivor of (willing to call it) statutory rape. When the legal lines of consent are breached but there's still that weird gray area of 'did I want it?' I was 15, and this was over two decades ago before reporting laws were what they are today.",39,8,0.80029296875
"When the legal lines of consent are breached but there's still that weird gray area of 'did I want it?' I was 15, and this was over two decades ago before reporting laws were what they are today. She was 22.",40,8,0.8466796875
"I was 15, and this was over two decades ago before reporting laws were what they are today. She was 22. She targeted me and several other kids, no one said anything, we all kept quiet.",41,8,0.7197265625
"She was 22. She targeted me and several other kids, no one said anything, we all kept quiet. This was her MO.""",42,8,0.591796875
"She targeted me and several other kids, no one said anything, we all kept quiet. This was her MO."" See list of accounts at the end of this post - you can view comment history in context for the AI accounts that are still active.",43,8,0.6337890625
"This was her MO."" See list of accounts at the end of this post - you can view comment history in context for the AI accounts that are still active. During the experiment, researchers switched from the planned ""values based arguments"" originally authorized by the ethics commission to this type of ""personalized and fine-tuned arguments.""",44,8,0.6533203125
"See list of accounts at the end of this post - you can view comment history in context for the AI accounts that are still active. During the experiment, researchers switched from the planned ""values based arguments"" originally authorized by the ethics commission to this type of ""personalized and fine-tuned arguments."" They did not first consult with the University of Zurich ethics commission before making the change.",45,8,0.80029296875
"During the experiment, researchers switched from the planned ""values based arguments"" originally authorized by the ethics commission to this type of ""personalized and fine-tuned arguments."" They did not first consult with the University of Zurich ethics commission before making the change. Lack of formal ethics review for this change raises serious concerns.",46,8,0.8310546875
They did not first consult with the University of Zurich ethics commission before making the change. Lack of formal ethics review for this change raises serious concerns. We think this was wrong.,47,8,0.85595703125
"Lack of formal ethics review for this change raises serious concerns. We think this was wrong. We do not think that ""it has not been done before"" is an excuse to do an experiment like this.",48,8,0.82373046875
"We think this was wrong. We do not think that ""it has not been done before"" is an excuse to do an experiment like this. Complaint Filed The Mod Team responded to this notice by filing an ethics complaint with the University of Zurich IRB, citing multiple concerns about the impact to this community, and serious gaps we felt existed in the ethics review process.",49,8,0.8291015625
"We do not think that ""it has not been done before"" is an excuse to do an experiment like this. Complaint Filed The Mod Team responded to this notice by filing an ethics complaint with the University of Zurich IRB, citing multiple concerns about the impact to this community, and serious gaps we felt existed in the ethics review process. We also requested that the University agree to the following:",50,8,0.826171875
"Complaint Filed The Mod Team responded to this notice by filing an ethics complaint with the University of Zurich IRB, citing multiple concerns about the impact to this community, and serious gaps we felt existed in the ethics review process. We also requested that the University agree to the following: Advise against publishing this article, as the results were obtained unethically, and take any steps within the university's power to prevent such publication.",51,8,0.7685546875
"We also requested that the University agree to the following: Advise against publishing this article, as the results were obtained unethically, and take any steps within the university's power to prevent such publication. Conduct an internal review of how this study was approved and whether proper oversight was maintained.",52,8,0.7333984375
"Advise against publishing this article, as the results were obtained unethically, and take any steps within the university's power to prevent such publication. Conduct an internal review of how this study was approved and whether proper oversight was maintained. The researchers had previously referred to a ""provision that allows for group applications to be submitted even when the specifics of each study are not fully defined at the time of application submission.""",53,8,0.8291015625
"Conduct an internal review of how this study was approved and whether proper oversight was maintained. The researchers had previously referred to a ""provision that allows for group applications to be submitted even when the specifics of each study are not fully defined at the time of application submission."" To us, this provision presents a high risk of abuse, the results of which are evident in the wake of this project.",54,8,0.8154296875
"The researchers had previously referred to a ""provision that allows for group applications to be submitted even when the specifics of each study are not fully defined at the time of application submission."" To us, this provision presents a high risk of abuse, the results of which are evident in the wake of this project. IIssue a public acknowledgment of the University's stance on the matter and apology to our users.",55,8,0.80859375
"To us, this provision presents a high risk of abuse, the results of which are evident in the wake of this project. IIssue a public acknowledgment of the University's stance on the matter and apology to our users. This apology should be posted on the University's website, in a publicly available press release, and further posted by us on our subreddit, so that we may reach our users.",56,8,0.5859375
"IIssue a public acknowledgment of the University's stance on the matter and apology to our users. This apology should be posted on the University's website, in a publicly available press release, and further posted by us on our subreddit, so that we may reach our users. Commit to stronger oversight of projects involving AI-based experiments involving human participants.",57,8,0.71826171875
"This apology should be posted on the University's website, in a publicly available press release, and further posted by us on our subreddit, so that we may reach our users. Commit to stronger oversight of projects involving AI-based experiments involving human participants. Require that researchers obtain explicit permission from platform moderators before engaging in studies involving active interactions with users.",58,8,0.75341796875
Commit to stronger oversight of projects involving AI-based experiments involving human participants. Require that researchers obtain explicit permission from platform moderators before engaging in studies involving active interactions with users. Provide any further relief that the University deems appropriate under the circumstances.,59,8,0.8779296875
Require that researchers obtain explicit permission from platform moderators before engaging in studies involving active interactions with users. Provide any further relief that the University deems appropriate under the circumstances. University of Zurich Response,60,8,0.8896484375
Provide any further relief that the University deems appropriate under the circumstances. University of Zurich Response We recently received a response from the Chair UZH Faculty of Arts and Sciences Ethics Commission which: Informed us that the University of Zurich takes these issues very seriously.,61,8,0.8935546875
University of Zurich Response We recently received a response from the Chair UZH Faculty of Arts and Sciences Ethics Commission which: Informed us that the University of Zurich takes these issues very seriously. Clarified that the commission does not have legal authority to compel non-publication of research.,62,8,0.88134765625
We recently received a response from the Chair UZH Faculty of Arts and Sciences Ethics Commission which: Informed us that the University of Zurich takes these issues very seriously. Clarified that the commission does not have legal authority to compel non-publication of research. Indicated that a careful investigation had taken place.,63,8,0.8828125
Clarified that the commission does not have legal authority to compel non-publication of research. Indicated that a careful investigation had taken place. Indicated that the Principal Investigator has been issued a formal warning.,64,8,0.78759765625
"Indicated that a careful investigation had taken place. Indicated that the Principal Investigator has been issued a formal warning. Advised that the committee ""will adopt stricter scrutiny, including coordination with communities prior to experimental studies in the future.""",65,8,0.68896484375
"Indicated that the Principal Investigator has been issued a formal warning. Advised that the committee ""will adopt stricter scrutiny, including coordination with communities prior to experimental studies in the future."" Reiterated that the researchers felt that ""...the bot, while not fully in compliance with the terms, did little harm.""",66,8,0.80712890625
"Advised that the committee ""will adopt stricter scrutiny, including coordination with communities prior to experimental studies in the future."" Reiterated that the researchers felt that ""...the bot, while not fully in compliance with the terms, did little harm."" The University of Zurich provided an opinion concerning publication.",67,8,0.8486328125
"Reiterated that the researchers felt that ""...the bot, while not fully in compliance with the terms, did little harm."" The University of Zurich provided an opinion concerning publication. Specifically, the University of Zurich wrote that: ""This project yields important insights, and the risks (e.g. trauma etc.) are minimal.",68,8,0.806640625
"The University of Zurich provided an opinion concerning publication. Specifically, the University of Zurich wrote that: ""This project yields important insights, and the risks (e.g. trauma etc.) are minimal. This means that suppressing publication is not proportionate to the importance of the insights the study yields.""",69,8,0.8271484375
"Specifically, the University of Zurich wrote that: ""This project yields important insights, and the risks (e.g. trauma etc.) are minimal. This means that suppressing publication is not proportionate to the importance of the insights the study yields."" Conclusion",70,8,0.79052734375
"This means that suppressing publication is not proportionate to the importance of the insights the study yields."" Conclusion We did not immediately notify the CMV community because we wanted to allow time for the University of Zurich to respond to the ethics complaint.",71,8,0.751953125
"Conclusion We did not immediately notify the CMV community because we wanted to allow time for the University of Zurich to respond to the ethics complaint. In the interest of transparency, we are now sharing what we know.",72,8,0.71826171875
"We did not immediately notify the CMV community because we wanted to allow time for the University of Zurich to respond to the ethics complaint. In the interest of transparency, we are now sharing what we know. Our sub is a decidedly human space that rejects undisclosed AI as a core value.",73,8,0.591796875
"In the interest of transparency, we are now sharing what we know. Our sub is a decidedly human space that rejects undisclosed AI as a core value. People do not come here to discuss their views with AI or to be experimented upon.",74,8,0.5126953125
Our sub is a decidedly human space that rejects undisclosed AI as a core value. People do not come here to discuss their views with AI or to be experimented upon. People who visit our sub deserve a space free from this type of intrusion.,75,8,0.54931640625
People do not come here to discuss their views with AI or to be experimented upon. People who visit our sub deserve a space free from this type of intrusion. This experiment was clearly conducted in a way that violates the sub rules.,76,8,0.38037109375
"People who visit our sub deserve a space free from this type of intrusion. This experiment was clearly conducted in a way that violates the sub rules. Reddit requires that all users adhere not only to the site-wide Reddit rules, but also the rules of the subs in which they participate.",77,8,0.623046875
"This experiment was clearly conducted in a way that violates the sub rules. Reddit requires that all users adhere not only to the site-wide Reddit rules, but also the rules of the subs in which they participate. This research demonstrates nothing new.",78,8,0.75927734375
"Reddit requires that all users adhere not only to the site-wide Reddit rules, but also the rules of the subs in which they participate. This research demonstrates nothing new. There is already existing research on how personalized arguments influence people.",79,8,0.7275390625
This research demonstrates nothing new. There is already existing research on how personalized arguments influence people. There is also existing research on how AI can provide personalized content if trained properly.,80,8,0.57763671875
There is already existing research on how personalized arguments influence people. There is also existing research on how AI can provide personalized content if trained properly. OpenAI very recently conducted similar research using a downloaded copy of r/changemyview data on AI persuasiveness without experimenting on non-consenting human subjects.,81,8,0.55322265625
"There is also existing research on how AI can provide personalized content if trained properly. OpenAI very recently conducted similar research using a downloaded copy of r/changemyview data on AI persuasiveness without experimenting on non-consenting human subjects. We are unconvinced that there are ""important insights"" that could only be gained by violating this sub.",82,8,0.55126953125
"OpenAI very recently conducted similar research using a downloaded copy of r/changemyview data on AI persuasiveness without experimenting on non-consenting human subjects. We are unconvinced that there are ""important insights"" that could only be gained by violating this sub. We have concerns about this study's design including potential confounding impacts for how the LLMs were trained and deployed, which further erodes the value of this research.",83,8,0.59716796875
"We are unconvinced that there are ""important insights"" that could only be gained by violating this sub. We have concerns about this study's design including potential confounding impacts for how the LLMs were trained and deployed, which further erodes the value of this research. For example, multiple LLM models were used for different aspects of the research, which creates questions about whether the findings are sound.",84,8,0.65380859375
"We have concerns about this study's design including potential confounding impacts for how the LLMs were trained and deployed, which further erodes the value of this research. For example, multiple LLM models were used for different aspects of the research, which creates questions about whether the findings are sound. We do not intend to serve as a peer review committee for the researchers, but we do wish to point out that this study does not appear to have been robustly designed any more than it has had any semblance of a robust ethics review process.",85,8,0.751953125
"For example, multiple LLM models were used for different aspects of the research, which creates questions about whether the findings are sound. We do not intend to serve as a peer review committee for the researchers, but we do wish to point out that this study does not appear to have been robustly designed any more than it has had any semblance of a robust ethics review process. Note that it is our position that even a properly designed study conducted in this way would be unethical.",86,8,0.7958984375
"We do not intend to serve as a peer review committee for the researchers, but we do wish to point out that this study does not appear to have been robustly designed any more than it has had any semblance of a robust ethics review process. Note that it is our position that even a properly designed study conducted in this way would be unethical. We requested that the researchers do not publish the results of this unauthorized experiment.",87,8,0.69873046875
"Note that it is our position that even a properly designed study conducted in this way would be unethical. We requested that the researchers do not publish the results of this unauthorized experiment. The researchers claim that this experiment ""yields important insights"" and that ""suppressing publication is not proportionate to the importance of the insights the study yields.""",88,8,0.6962890625
"We requested that the researchers do not publish the results of this unauthorized experiment. The researchers claim that this experiment ""yields important insights"" and that ""suppressing publication is not proportionate to the importance of the insights the study yields."" We strongly reject this position.",89,8,0.492431640625
"The researchers claim that this experiment ""yields important insights"" and that ""suppressing publication is not proportionate to the importance of the insights the study yields."" We strongly reject this position. Community-level experiments impact communities, not just individuals.",90,8,0.68701171875
"We strongly reject this position. Community-level experiments impact communities, not just individuals. Allowing publication would dramatically encourage further intrusion by researchers, contributing to increased community vulnerability to future non-consensual human subjects experimentation.",91,8,0.72216796875
"Community-level experiments impact communities, not just individuals. Allowing publication would dramatically encourage further intrusion by researchers, contributing to increased community vulnerability to future non-consensual human subjects experimentation. Researchers should have a disincentive to violating communities in this way, and non-publication of findings is a reasonable consequence.",92,8,0.72900390625
"Allowing publication would dramatically encourage further intrusion by researchers, contributing to increased community vulnerability to future non-consensual human subjects experimentation. Researchers should have a disincentive to violating communities in this way, and non-publication of findings is a reasonable consequence. We find the researchers' disregard for future community harm caused by publication offensive.",93,8,0.8173828125
"Researchers should have a disincentive to violating communities in this way, and non-publication of findings is a reasonable consequence. We find the researchers' disregard for future community harm caused by publication offensive. We continue to strongly urge the researchers at the University of Zurich to reconsider their stance on publication.",94,8,0.87451171875
We find the researchers' disregard for future community harm caused by publication offensive. We continue to strongly urge the researchers at the University of Zurich to reconsider their stance on publication. Contact Info for Questions/Concerns See the University of Zurich Research Integrity Website for general information or you may directly connect to the Ombudsperson Contact Form.,95,8,0.88037109375
We continue to strongly urge the researchers at the University of Zurich to reconsider their stance on publication. Contact Info for Questions/Concerns See the University of Zurich Research Integrity Website for general information or you may directly connect to the Ombudsperson Contact Form. Reference IRB approval number: 24.04.01.,96,8,0.875
Contact Info for Questions/Concerns See the University of Zurich Research Integrity Website for general information or you may directly connect to the Ombudsperson Contact Form. Reference IRB approval number: 24.04.01. Experiment Email Address provided by researchers at University of Zurich: llmexpconcerns@gmail.com Reddit User Account provided by researchers: u/LLMResearchTeam CMV Email Account for this experiment: CMVstudyfolder@outlook.com CMV mod mail info is included in the community info tab for this sub The researchers from the University of Zurich requested to not be specifically identified.,97,8,0.849609375
Reference IRB approval number: 24.04.01. Experiment Email Address provided by researchers at University of Zurich: llmexpconcerns@gmail.com Reddit User Account provided by researchers: u/LLMResearchTeam CMV Email Account for this experiment: CMVstudyfolder@outlook.com CMV mod mail info is included in the community info tab for this sub The researchers from the University of Zurich requested to not be specifically identified. Comments that reveal or speculate on their identity will be removed.,98,8,0.828125
Experiment Email Address provided by researchers at University of Zurich: llmexpconcerns@gmail.com Reddit User Account provided by researchers: u/LLMResearchTeam CMV Email Account for this experiment: CMVstudyfolder@outlook.com CMV mod mail info is included in the community info tab for this sub The researchers from the University of Zurich requested to not be specifically identified. Comments that reveal or speculate on their identity will be removed. You can cc: us if you want on emails to the researchers.,99,8,0.837890625
"Comments that reveal or speculate on their identity will be removed. You can cc: us if you want on emails to the researchers. If you are comfortable doing this, it will help us maintain awareness of the community's concerns.",100,8,0.81640625
"You can cc: us if you want on emails to the researchers. If you are comfortable doing this, it will help us maintain awareness of the community's concerns. We will not share any personal information without permission.",101,8,0.783203125
"If you are comfortable doing this, it will help us maintain awareness of the community's concerns. We will not share any personal information without permission. List of Active User Accounts for AI-generated Content",102,8,0.62060546875
We will not share any personal information without permission. List of Active User Accounts for AI-generated Content Here is a list of accounts that generated comments to users on our sub used in the experiment provided to us.,103,8,0.62841796875
List of Active User Accounts for AI-generated Content Here is a list of accounts that generated comments to users on our sub used in the experiment provided to us. These do not include the accounts that have already been removed by Reddit.,104,8,0.56787109375
Here is a list of accounts that generated comments to users on our sub used in the experiment provided to us. These do not include the accounts that have already been removed by Reddit. Feel free to review the user comments and deltas awarded to these AI accounts.,105,8,0.54150390625
These do not include the accounts that have already been removed by Reddit. Feel free to review the user comments and deltas awarded to these AI accounts. u/markusruscht u/ceasarJst u/thinagainst1 u/amicaliantes u/genevievestrome u/spongermaniak u/flippitjiBBer u/oriolantibus55 u/ercantadorde u/pipswartznag55 u/baminerooreni u/catbaLoom213 u/jaKobbbest3,106,8,0.62451171875
"Feel free to review the user comments and deltas awarded to these AI accounts. u/markusruscht u/ceasarJst u/thinagainst1 u/amicaliantes u/genevievestrome u/spongermaniak u/flippitjiBBer u/oriolantibus55 u/ercantadorde u/pipswartznag55 u/baminerooreni u/catbaLoom213 u/jaKobbbest3 There were additional accounts, but these have already been removed by Reddit.",107,8,0.6474609375
"u/markusruscht u/ceasarJst u/thinagainst1 u/amicaliantes u/genevievestrome u/spongermaniak u/flippitjiBBer u/oriolantibus55 u/ercantadorde u/pipswartznag55 u/baminerooreni u/catbaLoom213 u/jaKobbbest3 There were additional accounts, but these have already been removed by Reddit. Reddit may remove these accounts at any time.",108,8,0.7001953125
"There were additional accounts, but these have already been removed by Reddit. Reddit may remove these accounts at any time. We have not yet requested removal but will likely do so soon.",109,8,0.54345703125
Reddit may remove these accounts at any time. We have not yet requested removal but will likely do so soon. All comments for these accounts have been locked.,110,8,0.62744140625
We have not yet requested removal but will likely do so soon. All comments for these accounts have been locked. We know every comment made by these accounts violates Rule 5 - please do not report these.,111,8,0.7373046875
"All comments for these accounts have been locked. We know every comment made by these accounts violates Rule 5 - please do not report these. We are leaving the comments up so that you can read them in context, because you have a right to know.",112,8,0.5791015625
"We know every comment made by these accounts violates Rule 5 - please do not report these. We are leaving the comments up so that you can read them in context, because you have a right to know. We may remove them later after sub members have had a chance to review them.",113,8,0.52978515625
